{"_timestamp":1.7476424767484212e+09,"_runtime":2.6756151,"_step":7,"_wandb":{"runtime":2},"acc":0.8818069073776231,"loss":0.06422914072928215}