{"_step":7,"_wandb":{"runtime":2},"acc":0.9614349931705432,"loss":0.08889277464629847,"_timestamp":1.7476424919740915e+09,"_runtime":2.3415101}