{"_step":7,"_wandb":{"runtime":2},"acc":0.9029294164018095,"loss":0.10164339844098935,"_timestamp":1.7476424963713562e+09,"_runtime":2.2104603}