{"acc":0.8524146825897927,"loss":0.21033574963767068,"_timestamp":1.7476424818086503e+09,"_runtime":2.07722,"_step":7,"_wandb":{"runtime":2}}