{"_step":7,"acc":0.7373434035872727,"loss":0.24299304398086363,"_wandb":{"runtime":2},"_timestamp":1.7476424873185325e+09,"_runtime":2.4627146}